[Header],,,,,,
IEMFileVersion,4,,,,,
Investigator Name,,,,,,
Experiment Name,,,,,,
Date,,,,,,
Workflow,GenerateFASTQ,,,,,
Application,FASTQ Only,,,,,
Assay,TruSeq LT,,,,,
Description,,,,,,
Chemistry,Default,,,,,
,,,,,,
[Reads],,,,,,
,,,,,,
,,,,,,
[Settings],,,,,,
,,,,,,
[Data],,,,,,
Sample_ID,Sample_Name,Sample_Plate,Sample_Well,I7_Index_ID,index,Sample_Project
1,144_1_HIPL_chow,,,A1,TTACCGAC,
2,145_1_Hyp_chow,,,A2,AGTGACCT,
3,143_4_SCL_fast,,,A3,TCGGATTC,
4,144_4_ICL_fast,,,A4,CAAGGTAC,
5,145_4_ZIL_fast,,,A5,TCCTCATG,
6,142_4_HIPL_fast,,,A6,GTCAGTCA,
7,143_2_ZIL_chow,,,A7,CGAATACG,
8,145_2_HIPL_chow,,,A8,TCTAGGAG,
9,143_1_HIPL_chow,,,A9,CGCAACTA,
10,144_5_Hyp_fast,,,A10,CGTATCTC,
11,144_2_ZIL_chow,,,A11,GTACACCT,
12,143_5_Hyp_fast,,,A12,CGGCATTA,
13,143_3_SCL_fast,,,B1,TCGTCTGA,
14,143_5_SCL_fast,,,B2,AGCCTATC,
15,144_4_HIPL_fast,,,B3,CTGTACCA,
16,142_4_SCL_fast,,,B4,AGACCTTG,
17,145_5_Hyp_fast,,,B5,AGGATAGC,
18,143_4_ZIL_fast,,,B6,CCTTCCAT,
19,142_2_Hyp_chow,,,B7,GTCCTTGA,
20,142_3_ZIL_chow,,,B8,TGCGTAAC,
21,142_2_SCL_chow,,,B9,CACAGACT,
22,145_3_ICL_fast,,,B10,TTACGTGC,
23,145_2_ICL_chow,,,B11,CCAAGGTT,
24,144_2_ICL_chow,,,B12,CACGCAAT,
